Title,SubTitle,ItemLocation,Price,trendingPrice,ItemURL
,,,,,
Milan Modern Bedroom 2 or 3 Sliding door Wardrobe  6 Sizes 4 Color,Brand New,from United Kingdom,"THB11,728.32","THB20,135.71",https://www.ebay.com/itm/133846532329?hash=item1f29e000e9:g:ZiEAAOSw2ilhFRJY&amdata=enc%3AAQAHAAAA4EDjs%2Bj40qDihLyW3ymGvz9WBwLMwF0C%2BaBz9zAsSm6o7QRtNLJ2rB378%2BATLX2YGqRV0VtdjU0jCYwM1b9JJWhiE%2FsI2k7Vz7WUGYmKFhDWSbCZt22MMntopRD1Io2fMbhEmX7P3ZOrhM6eod6l0hgtVSPtwytU2MND2gJ8kLuyTCZOPqVBseunVtUejEs8A%2FXFtwqAQ6qEhC9xMQ9ixvdcfjqK%2FTNIZ9xS7aZmZ5sOWm2RMvPvkFbgp7Cb3s1HjbPKvPTNXNqWEuLbgS1Qfap6cFAhMy0uZ%2F7vjOvxEaew%7Ctkp%3ABFBMuqXt6Kxg
Milan Bedroom Sliding Wardrobe 4 Colors and 6 Sizes(Free Delivery Scotland area),Brand New,from United Kingdom,"THB12,148.69","THB20,556.08",https://www.ebay.com/itm/133802543153?hash=item1f2740c831:g:nIYAAOSwF5FhRhdq&amdata=enc%3AAQAHAAAA4JTaJD6z8O1L20SG8Q%2FsKm7aniHMhMHWf9Aeg1cW3PUd%2BMb1mXifeqh5%2FVQlVz5IpEfwbaJAp5%2BuRc7D5FTj5ONy7uKzJAeIJXkvFcmUJGe%2FOhlNz5YYQrVd%2FWPwr3X1aamE%2BBsTmtTY15YFtlivfI%2FOU%2BnwYHszL2YvwhPnlI7C5XbXI9SvP81p9WKdYk%2ByVQKfxCRxE0DjUCztqr5873%2FiYGiRuve3WZVkf9txRNRwPY4p%2F%2FPMAJ3HlVJBOn8ux5H%2BDrYirl8YWUpTtDXhdAYqe6QDIgTvIOdp7MrIoVd9%7Ctkp%3ABFBMvKXt6Kxg
Tall Wooden 2 Door Wardrobe With 2 Drawers Bedroom Storage Hanging Bar Clothes,Brand New,from United Kingdom,"THB5,464.39","THB6,305.13",https://www.ebay.com/itm/225001021836?hash=item34631b218c:g:p-MAAOSwntNijP9c
Oslo Modern Mirror sliding door wardrobe with LED Width 180cm,Brand New,from United Kingdom,"THB14,754.56","THB15,174.93",https://www.ebay.com/itm/224338153726?hash=item343b9890fe:g:cScAAOSwAfZhl5h1
ML F35 High Gloss Sliding Door Wardrobe 183/203/233 Full White Mirrored ,Brand New,from United Kingdom,"THB2,480.18","THB17,613.49",https://www.ebay.com/itm/125343342579?hash=item1d2f0b9ff3:g:bvUAAOSwKfpilj0~
Wardrobe Rail Hanger Rod Socket Fitting Standard Support Tube Centre Bracket,Brand New,from China,THB206.14,THB363.82,https://www.ebay.com/itm/353994806656?hash=item526bbc1580:g:yqMAAOSw-NZiSBFW
Stainless Steel Wardrobe Closet Pole Rod Sockets Flange Support Holder 19-25mm,Brand New,from China,THB134.53,THB153.82,https://www.ebay.com/itm/193731196180?hash=item2d1b477514:g:DXQAAOSwJxVfnP~S
Oval Head Wardrobe Cupboard Hanging Rail Rod End Bracket Support LA,Brand New,from China,THB134.10,THB134.94,https://www.ebay.com/itm/384742107200?hash=item59946aa840:g:X0kAAOSwbl9dU13Z
Chrome Rail Wardrobe Fitting Tube Hanging Bracket Centre End Brackets 19mm 25mm ,Brand New,from United Kingdom,THB88.70,THB208.08,https://www.ebay.com/itm/154181017096?hash=item23e5e79e08:g:zSsAAOSw3GtZvEos
,,,,,
Clothes Garment Suit Dress Wardrobe Dust Cover Case Coat Protector Storage Bag,Brand New,from China,THB84.87,THB138.39,https://www.ebay.com/itm/313566626012?hash=item49020700dc:g:vZUAAOSwYehgyGGP
25mm 32mm Stainless Steel Tube Hanging Wardrobe Clothes Rail Rod Support Bracket,Brand New,from China,THB305.95,THB322.83,https://www.ebay.com/itm/233951015217?hash=item3678913131:g:KkcAAOSwBlZgZoVT
Holder Clothes Rod Holder Flip-flops Hanging Clothes Home&living Clothes Rail C,Brand New,from China,THB150.07,THB150.49,https://www.ebay.com/itm/115265871465?hash=item1ad6619e69:g:rHwAAOSwqWZdU13O
Ceramic Door cupboard Knobs Lot Handle Drawer wardrobe porcelain brass pull 5 10,New (Other),from India,THB479.64,"THB6,643.52",https://www.ebay.com/itm/384800153493?hash=item5997e05f95:g:YZoAAOSwBwxiPxyS&amdata=enc%3AAQAHAAAA4A0ekFtvMAt5LmqRGDCJB1N00wY2bmiyzeJxurbcLgTNUz0Blhnw9UYlms0i9PzO1KPu%2FPxQ95r7grPVKM5P8C4YzlYbMx9M1qnbsiZdAqoJNAaNdSfCWrvfQbMUgzmchfVg8SVdj4PucCMzjukc35Um4SIhB4I%2BjXb276B8BjMrSpqMTy1oYiN5JDB%2FdHfOiJuBLeK%2FKVx8aOEtu1qMNAXl7EUFwmYw2dhwhnEiBE%2BljytsZTerwXSakfFwJ8gzj7aW5elZgQskYN6%2Fmv3gsk4SLdIm4VapSUDf2OFG40Et%7Ctkp%3ABFBM4onu6Kxg
Plastic Storage Wardrobe Clothes Organizer Closet Cupboard Shoe Cabinet,Brand New,from China,"THB6,508.89",,https://www.ebay.com/itm/264839255124?hash=item3da9a65454:g:kQwAAOSw4cdfP3Jn
Kids Wardrobe Children Storage Cabinet with Mirror | Child Wooden Organizer... ,Brand New,from United Kingdom,"THB4,708.98",,https://www.ebay.com/itm/165429836251?hash=item268462f9db:g:uAoAAOSwbkRiVW41
Clothes Garment Suit Dress Wardrobe Coat Protector Storage Bag Dust Cover Case,Brand New,from China,THB369.93,,https://www.ebay.com/itm/373616127975?hash=item56fd41afe7:g:uawAAOSwUbpgyGF7
Stainless Steel Tube Hanging Wardrobe Clothes Rail Rod Support Bracket 25mm 32mm,Brand New,from China,THB348.49,THB381.28,https://www.ebay.com/itm/363341970444?hash=item5498de7c0c:g:TlMAAOSwfHpgZoWc
Tall Kitchen Larder Cupboard Storage Pantry HIGH GLOSS Utility Cabinet Slim,Brand New,from United Kingdom,"THB5,442.53","THB6,083.17",https://www.ebay.com/itm/394032325417?hash=item5bbe282329:g:1YAAAOSwlCNiWT-Y
,,,,,
Home&living Flip-flops Clothes Rod Holder Wardrobe Holder Hanging Clothes Rail J,Brand New,from China,THB149.23,THB149.65,https://www.ebay.com/itm/234450733835?hash=item36965a4b0b:g:rHwAAOSwqWZdU13O
"Combination Wardrobe, Wood Maine Solid Pine 2 Door with 2 Colour Options",Brand New,from United Kingdom,"THB21,018.07",,https://www.ebay.com/itm/183596144505?hash=item2abf2ed779:g:sZsAAOSwDiZf1P9e
19 22 25 32mm Stainless Steel Round Wardrobe Rail Rod Support Bracket Ring Screw,Brand New,from China,THB195.05,THB370.35,https://www.ebay.com/itm/401852894984?hash=item5d904c8f08:g:MLAAAOSwWs9dWmGl
Stainless Steel Tube Hanging Wardrobe Clothes Rail Rod Support Bracket 25mm 32mm,Brand New,from China,THB305.95,THB322.83,https://www.ebay.com/itm/184736549360?hash=item2b032809f0:g:SYgAAOSwO8tgZBzp
,,,,,
Wardrobe Of Fabric With Hanger Organiser Clothing Folding Canvas Guard Closet,Brand New,from Spain,THB766.21,THB951.13,https://www.ebay.com/itm/295003875953?hash=item44af99ea71:g:k64AAOSwTEhhcUPS
DIY Plastic Wardrobe Cupboard Closet Cabinet Organizer Storage Furniture,Brand New,from United Kingdom,"THB1,176.62",,https://www.ebay.com/itm/154186415901?hash=item23e639ff1d:g:LoAAAOSw1qVgsM2Q
Telescopic Wardrobe Clothes Hanger Closet Rod Rail Shower Curtain Free Punching,Brand New,from China,THB424.09,,https://www.ebay.com/itm/225029699733?hash=item3464d0b895:g:JLYAAOSwiWliqC0x
19/25 mm CHROME WARDROBE RAIL FITTINGS Fixtures Support Centre Brackets Sockets,Brand New,from United Kingdom,THB105.09,THB230.78,https://www.ebay.com/itm/133781299241?hash=item1f25fca029:g:hlgAAOSwsDdgu1V3
,,,,,
OVAL WARDROBE RAIL CENTRE SUPPORTS Brackets 15mm Wide Polished Chrome Finish,Brand New,from United Kingdom,THB418.27,"THB1,637.34",https://www.ebay.com/itm/185037864532?hash=item2b151dbe54:g:82MAAOSwdLlgArNC
Wardrobe Rail Rod End Support Bracket Clothes Hanging Tube Holder Rail Hardware,Brand New,from China,THB147.55,THB147.97,https://www.ebay.com/itm/224993955589?hash=item3462af4f05:g:X0kAAOSwbl9dU13Z
Wildlife / Birds - Eagle 2 Flying Charging 6Yrs Film Outdoor Decal Vinyl Sticker,Brand New,from United States,THB101.55,THB766.89,https://www.ebay.com/itm/154455368224?hash=item23f641e220:g:xmIAAOSwf~pgoKjX&amdata=enc%3AAQAHAAAA4FCkvAwXv0QqNqKpNit3IFN5dQNuKXNN6iOq%2BYau8Wh3cqIedPi7H%2Fq4ooLXDkFF7qvKOP8ypdSFOybLjyjq10Hl7PJGJDzjs2GVdAiuhxt0yWBtzM9gSXXJQpMsdS8hI%2BTDUjrpsB41fcc%2FLQ%2BCfIrf%2FYsxqq8%2FID3eRX9SXeWxKN2U%2BsmBIdIOP3tzXOmifEx%2FZOgti%2FkmxT8JZrJpbnp5mpyHYNs65eKDlUKCjQZ7gxi7f%2BaIRnxALvU1p6m3S9Mp5Z%2B5trWjDgn5YW0%2FArobLq6ufQIhvAUCrqAYysxX%7Ctkp%3ABFBMkp_x6Kxg
100Pcs Black Smooth PE Plastic Poly Storage Bag  Envelope Mailing Bags Self Seal,Brand New,from China,THB287.85,"THB2,168.65",https://www.ebay.com/itm/193931888927?hash=item2d273dc91f:g:7IEAAOSwXR1gP5Ik&amdata=enc%3AAQAHAAAA4MDVc0iTaN3l7uehie2BKPOdGC5k72bsRDyGqBxv%2FwIidTmvznJqR7KejnW%2Ff8BgUZ8JAmUGEZgusyiOLfF1seeMOQ0pSsMujQKp4y5%2Bd91%2BoZVFeb%2FsAQelXwxvROvH%2BxdaNG0yy9oTTadKmSWWxpzmZm5FOyxAH7aiHvRK0o6AErxuXd%2F53zovao9sO%2FZfUWNz6uAEuRhPjh%2F9jLiCf8muzeADKkYeNe99oycKmt7QlN67afUPDDYMHwYf7e6jA7u9qOCEg4XwremaBnVQLF4Rv98LJ%2BjFErXzMxwNxQ0S%7Ctkp%3ABFBMkp_x6Kxg
"Wardrobe hanging rail kit,  1100mm long Rail & sockets, Chrome Clothes Rail",Brand New,from United Kingdom,THB586.42,THB670.49,https://www.ebay.com/itm/332328798729?hash=item4d60570a09:g:Gg8AAOSw6hNZgZxS
,,,,,
Mix-Color Ceramic Cupboard Knobs Pulls Handles Door-Drawer Cabinets Wardrobe,New (Other),from India,THB606.60,"THB4,801.68",https://www.ebay.com/itm/124591767559?hash=item1d023f8007:g:SNMAAOSwSBhbzss3&amdata=enc%3AAQAHAAAA4GpjrNZdWK%2BLIFxsvNqLY5YdM7ytVKVGIsKEJr2cTKYKzUPl0FFka1rRLvngH5BGtJVFyH2e0nlXhBJgyC03Xusd1AZDfEZNK8EYQe2S3tmZ8LBvSsL9rg4O7k9u2VgmwfYbeEgQZifoLHnL%2BygS3NNqUFRj9UBK1DYpcsmCJThPjxfoqXgHtOyuGiwj43vWXa%2BFg0tK5WtN7Wun4ur5AVLCm7eXvg27nAdQv8EGxjkFItkXpWpQ%2BhrnZxWKU4bB4xJ4h2%2BG9wM%2FhfocWvx8XLpG0tnvwS8cbbWuL4zT8E36%7Ctkp%3ABFBMxpfy6Kxg
25mm 32mm Stainless Steel Tube Hanging Wardrobe Clothes Rail Rod Support Bracket,Brand New,from China,THB422.31,THB469.24,https://www.ebay.com/itm/393230543872?hash=item5b8e5dec00:g:uxsAAOSwL5pgZoUR
5 Color Gloss Bubble Free Vehicle Vinyl Wrap Mirror Chrome Sticker Decal Tape AM,Brand New,from China,THB89.54,"THB2,271.68",https://www.ebay.com/itm/174451262765?hash=item289e1b052d:g:9dIAAOSwQSBfbgXO&amdata=enc%3AAQAHAAAA4GgD%2BQgsVEa2VVao0yA0nVNeTucoSJjjxX84YjuzVKHSDcAGqK7Ju%2F4YEyLWjYQxYbYzJGE7ILm%2BZU%2BWI3T8JG0WHohHnzrOtdyZGiYm9Bwz%2B4sRMSqv5dmHA%2B5z2GVKItbB%2FZVW1byV5lrp%2FtutxPS7e5riRl1%2BEqQyFSSf7%2BRxPFjOnkklabOaxTZtO4eyAGFukn%2FAU%2BOKeEUDZG2B1pK%2FuyoOLn%2Fk6tqDJhWh5OTTR%2BFm1jwNRezf7xE0SPR4xnW3hnulwe07erDqbnC83f%2BstddsxFIdr5%2FQgY19PCyK%7Ctkp%3ABFBMxpfy6Kxg
"2x Clever Closet WARDROBE STRIPS, WHITE * Australian Brand- 300 Or 762mm",Brand New,from Australia,"THB1,180.17","THB2,048.12",https://www.ebay.com/itm/262725414981?hash=item3d2ba7b045:g:S-oAAOSw44BYMC-i
,,,,,
New ListingTelescopic Wardrobe Clothes Hanger Closet Rod Rail Window Curtain Free Punching,Brand New,from China,THB337.29,,https://www.ebay.com/itm/225029935231?hash=item3464d4507f:g:J40AAOSwO-1iqFcs
Mix Color Ceramic Cupboard Knobs Pulls Handles New drawer Cabinets Wardrobe,New (Other),from India,THB609.25,"THB4,804.34",https://www.ebay.com/itm/124918780978?hash=item1d15bd5432:g:SNMAAOSwSBhbzss3&amdata=enc%3AAQAHAAAA4ETyP8DrhpSzp6SQZzQ5P%2BEZXfpzIl6lWMTPAerY55IsKu%2Brz53iBXn6L7YvE3tmHz6z3z8LmELEkKCZWxFG0zCLk1LMPoYOOZyAq8h1MMlflkej2gTvQusP2W%2FeHgSB3THVj9IJXV1Oge5KZeiYk0rZ69xXZQ1R%2BFHvGnpI4%2BuE237WSCtinULlpYGv9Gx4gfz1Icz9yZDsENRhhcuLB%2F00PBdLsORRBSglFLIXS%2FMpjLOTfikxI53h1ryZCFc24MoK5aW69rpDw8YNcsRWEajQgUhg73MNTfkIq7J3N2%2Bc%7Ctkp%3ABFBM7t_y6Kxg
Clothes Wardrobe Tube Bearing Clothes Rail Wardrobe Hanging Holder Flip-flops LC,Brand New,from China,THB150.07,THB150.91,https://www.ebay.com/itm/384740134765?hash=item59944c8f6d:g:rHwAAOSwqWZdU13O
Bedroom Furniture Home Black Iron 2 Or 3 Door Wardrobe Table Chest Set 3/4 PCS,Brand New,from United Kingdom,"THB16,814.37","THB21,018.07",https://www.ebay.com/itm/144483051218?hash=item21a3dc66d2:g:gkMAAOSwqKhiRVsR
"Clever Closet WARDROBE TRACK, WHITE * Australian Brand- 666.75 Or 900mm",Brand New,from Australia,"THB1,903.46","THB1,951.68",https://www.ebay.com/itm/252643100073?hash=item3ad2b3c5a9:g:qjMAAOSwj85YMDPm
,,,,,
Round Chrome Wardrobe Rail Fitting Rod End Bracket PAIR Round 19mm 25mm FREE DEL,Brand New,from United Kingdom,THB157.64,THB174.45,https://www.ebay.com/itm/154374726741?hash=item23f1736455:g:GZoAAOSwsm1ZvaLu
New Listing1 X Brass Pull Handle Drawer Door Knob Vintage Wardrobe Cupboard Cabinet New,Brand New,from China,THB556.15,THB601.55,https://www.ebay.com/itm/314036508981?hash=item491e08d935:g:0rMAAOSwlOJiqULx&amdata=enc%3AAQAHAAAA4CJe6Pos8xlQLWzgU2mrGZggokMuKVir%2BQSIBYaob%2BYuPcwGOc0GT7M6z6KHgHjVpSmqI2x1tfPJyzQr2FM5YAoJbFsnvXxpLLOWBKh14KX7qb9oK0DJ7TUNh%2F5hN0P3J0fHAtM5HL53JC2g30%2BvZTFMMMdngzf9wdkJs9taXPXDi5kVZzIicUmwnzUzWrwtQvUFvLOgXb7JTKeRHnkeW2Zd5wJrUZUxCB38YYMAK%2F%2F8sRO5KLbzgTw4Shs5Zti7gpix9PFJvr%2F%2Fp0K%2FwNAvG7FRxzGAd25zigFbsV00Y%2F4c%7Ctkp%3ABFBMjNfz6Kxg
High Quality Deluxe Double Canvas Wardrobe With Opening Doors Drawer Cream/Grey,Brand New,from United Kingdom,"THB2,101.43",,https://www.ebay.com/itm/255226238444?hash=item3b6cab55ec:g:D7IAAOSw~~Rhj7W0&amdata=enc%3AAQAHAAAA4K2bVUqkSQKvyfDJpiku3a0YBX9yJQmfWVdzXu%2BCS%2BpbC0tmL8ePS31kvmYKKOKnmS9ogwG4ZyeLVtXnV5kfIhYeDSODXLMR8l4K77YE27K15UfF71W9eKk9OjYaYpvQRXWGcroRlDuBi5Tz%2BML3ozySN7kiqdsrrjhqVIAro0188G%2BgPGbmAYqEVeX45z%2BCNcyMRUcNCwGRk%2FyrarqjnF%2Fh85mXSp6ZLvvFNalLi62KApA5L8VMTnk25SA%2BNxz%2Bt4Fk3pbiSOuFmq2n2mZinGAyQIFyHucNvdklz8LEnUTs%7Ctkp%3ABFBMjNfz6Kxg
360 Degree Rotating Hanger Bag Handbag Wardrobe Organizer Hanging Rack Holder,Brand New,from China,THB142.49,THB143.21,https://www.ebay.com/itm/304520591411?hash=item46e6d77833:g:VowAAOSw8nxioaew
Chrome White Wardrobe Rail  Fittings End Socket  19mm 25mm,Brand New,from United Kingdom,THB75.67,THB125.69,https://www.ebay.com/itm/302861620486?hash=item4683f59506:g:zMkAAOSwqj9bhUOJ
Wardrobe Of Fabric With Hanger Organiser Clothing Folding Canvas Guard Closet,Brand New,from Spain,THB630.13,THB781.89,https://www.ebay.com/itm/304504096947?hash=item46e5dbc8b3:g:k64AAOSwTEhhcUPS
New ListingBelt Rack Hanger Tie Closet Organizer Holder for Wardrobe Belt Storage RaSE,Brand New,from China,THB173.35,THB174.07,https://www.ebay.com/itm/134146581330?hash=item1f3bc26352:g:m~8AAOSwcCdiYUBr
,,,,,
New ListingTelescopic Wardrobe Clothes Hanger Closet Rod Rail Curtain Free Punching Rack,Brand New,from China,THB611.76,,https://www.ebay.com/itm/185464702658?hash=item2b2e8ec6c2:g:hHkAAOSwBGRiqM6g
"New Modern 2 Door Wardrobe In Black, White,  Walnut&Black, Grey, Or White&Grey",Brand New,from United Kingdom,"THB15,973.63",,https://www.ebay.com/itm/333902419779?hash=item4dbe229743:g:cPIAAOSwK8dgORlc
Vacuum Storage Bag 7- 11PCS Thickened Compressed Hand Pump Reusable Organizer ,Brand New,from Hong Kong,"THB1,363.59","THB2,228.53",https://www.ebay.com/itm/165532232978?hash=item268a7d6d12:g:IjkAAOSw-FJiqBhO&amdata=enc%3AAQAHAAAA4PNn5TIyI6OEkMISNmTT%2Fp6pqqhD3vfLfq3f6d2Qsp8Z0EIdlMjBPYYQhviOusGY8EaKBb9MzJ7yputAvdx%2FMb5HXPbInsxi3Zt13LdHtqEDF8sEFpwz5m5LBkIsEAbKgoupIpFsovJR6IlHf3s6UEl%2BeuJBv6yAU1966n%2Fnzw1yXt5raRr1Vq%2FwCvQ6FgTOV2KAFzETf1OXTRZlDAHf%2B5BJpvHMgirAVxfHeLfEwDr026arriS0HrRMG0KlTEBhzGYOZ3efnN4Knogfpe4pgioIMSNDIOI7nz9m2RzpQJDD%7Ctkp%3ABFBM-NL06Kxg
2 Pcs U-Shape Flange Holder Wardrobe Pipe Hanging Rail Rod End Supports Socket,Brand New,from China,THB177.45,THB208.55,https://www.ebay.com/itm/403680559880?hash=item5dfd3c8308:g:kIgAAOSwQj9ijq4d
New Modern And Stylish Lynx 2 Door Wardrobe With Mirror In 5 Colour Options,Brand New,from United Kingdom,"THB16,772.33",,https://www.ebay.com/itm/324499555210?hash=item4b8dae438a:g:aF0AAOSwvlVgOQ51
360 Degree Rotating Four Claw Hanger Hook Multifunctional Wardrobe Bag Holder,Brand New,from China,THB174.55,,https://www.ebay.com/itm/144595496738?hash=item21aa902f22:g:NJYAAOSwTIlior9R
,,,,,
Round Chrome Wardrobe Rail Fitting Rod Centre Support 19mm 25mm FREE DELIVERY,Brand New,from United Kingdom,THB153.43,THB166.05,https://www.ebay.com/itm/154181017010?hash=item23e5e79db2:g:49gAAOSwIZBZvaG~
"foldable wardrobe storage rack, can store underwear jeans pants top storage box.",Brand New,from China,THB142.49,THB197.46,https://www.ebay.com/itm/354045582128?hash=item526ec2db30:g:DRAAAOSwTYFhyX1c
Wardrobe Organizer Storage Boxes Closet Organizer Underwear Drawer Folding O6T1,Brand New,from China,THB88.48,THB122.72,https://www.ebay.com/itm/125338023377?hash=item1d2eba75d1:g:j00AAOSw7z5iH2fl
5x Clothing Towel Storage Rack Closet Hanger Wardrobe Space Saver Holder Rack FW,Brand New,from China,THB53.28,,https://www.ebay.com/itm/164827965110?hash=item26608326b6:g:KKEAAOSwEKxgZSbc
Belt Rack Hanger Tie Closet Organizer Holder for Wardrobe Belt Storage Rack<,Brand New,from China,THB184.96,THB185.38,https://www.ebay.com/itm/234588941055?hash=item369e972aff:g:m~8AAOSwcCdiYUBr
Plastic 5 Grids Storage Box Wardrobe Organiser Drawer Divide Organizer Socks New,Brand New,from China,THB147.13,,https://www.ebay.com/itm/133091551348?hash=item1efcdfe874:g:bq0AAOSwqMdcrYmI
Round Chrome Wardrobe Rail Fitting Rod End Support Socket Ring 19mm 25mm PAIR,Brand New,from United Kingdom,THB157.64,THB166.05,https://www.ebay.com/itm/154181016982?hash=item23e5e79d96:g:WpoAAOSwwrtZvZ0Y
Stainless Steel Tube Hanging Wardrobe Clothes Rail Rod Support Bracket 32mm 25mm,Brand New,from China,THB422.31,THB469.24,https://www.ebay.com/itm/124660724502?hash=item1d065bb316:g:lfMAAOSwm8JgZB1q
Housekeeping Wardrobe Rack Storage Rack Plastic Organizerrack Organizer Rack LI,Brand New,from China,THB422.40,,https://www.ebay.com/itm/115384474447?hash=item1add735b4f:g:58kAAOSwL0tdSmzn
Woven Storage Box Basket Bin Tote Kitchen Wardrobe Organiser Divider Sections,Brand New,from United Kingdom,THB462.41,"THB1,681.48",https://www.ebay.com/itm/114630393393?hash=item1ab080fe31:g:XwcAAOSwnR9gAEOJ&amdata=enc%3AAQAHAAAA4KQkeokoFJCDoz7kPPKj2FoLhKaQymR36SDZb9G1zD3Zwml8q9qnn60b7U%2FpAtjitNP%2FldG3cW7Z2K4f18oBTycfnqRAb%2FtOSu7HHXk9ToLxaUtYdRlk2%2BDWx3t0WZJ%2FXdiGcQ8KCTdVsdFTCDDamASbnQY4GiPAzz8qyKuv1mW0l1ogrAdcS4XiJkA4DwHzs85ekEJmmVTsYDxjsuhZGZD9Jt%2FSJ%2FJfyNJAno7bm7%2B9Sh5plsM5pdHnULXA2Lb5gQK9%2FZHaD5Si5yAIXGrPz9Qu82wsjtgu5uwjDzl%2FgY2D%7Ctkp%3ABFBM4rT16Kxg
Portable Hanging Pouch Hanging Storage Bags New 6 Layers Wardrobe Wall Organizer,New (Other),from China,THB446.75,,https://www.ebay.com/itm/403203410961?hash=item5de0cbcc11:g:iUwAAOSw17pavgc9
New Listing2 Pcs Rod Socket Flange Rod Holder Stainless Steel Wardrobe Pole Bracket Durable,Brand New,from China,THB184.44,THB216.99,https://www.ebay.com/itm/403716865810?hash=item5dff667f12:g:4MsAAOSwMENiqFsn
"2 Pcs Wardrobe Pipe Hanging Rail Rod End for Curtain Pipe Racks, Closet Rods",Brand New,from China,THB196.73,THB231.21,https://www.ebay.com/itm/314030602810?hash=item491daeba3a:g:YMAAAOSwB79iooDo
360 Degree Rotating Hanger Bag Handbag Wardrobe Organizer Hanging Rack Holder,Brand New,from China,THB143.45,THB143.93,https://www.ebay.com/itm/314020756551?hash=item491d187c47:g:gFgAAOSwUSZimIVD
Belt Rack Hanger Tie Closet Organizer Holder for Wardrobe Belt Storage Rack_,Brand New,from China,THB176.97,THB177.45,https://www.ebay.com/itm/354107697065?hash=item527276a7a9:g:m~8AAOSwcCdiYUBr
White Assorted Wardrobe Rail Supports & End Caps Choose Size,Brand New,from United Kingdom,THB151.33,THB201.78,https://www.ebay.com/itm/401720169852?hash=item5d8863557c:g:YNMAAOSwPF9ce6Ea
Mesh Storage Bag T-shirt Leggings Jeans Drawer Wardrobe Organiser Foldable ,Brand New,from China,THB144.42,THB192.64,https://www.ebay.com/itm/203884958683?hash=item2f787d93db:g:jmkAAOSwHWJiQnqo
Bearing Capacity Clapboard Hook Wardrobe Hooks Space Partition Shelf Support,Brand New,from China,THB67.27,THB70.40,https://www.ebay.com/itm/354090678584?hash=item527172f938:g:9NoAAOSw4-1imHXh
Wardrobe Storage Layered Partition Bedroom Drawer Type UK Shelf Basket BEST,Brand New,from China,THB568.99,,https://www.ebay.com/itm/203992478685?hash=item2f7ee633dd:g:mxYAAOSwHnhhqJqq
